city,distance
Mumbai,837.1857087990928
Delhi,1738.638855782645
Kolkata,1552.6378233436674
Chennai,295.3401073046679
Hyderabad,500.0477286304823
Ahmadabad,1231.6808164254815
Haora,1559.2544595374118
Pune,732.4302206015485
Surat,1039.9195623793305
Cawnpore,1521.0014728413635
Jaipur,1555.2482217627696
Lucknow,1576.5320601576095
Nagpur,921.9735714467878
Patna,1609.9471582850406
Indore,1093.4103604809561
Vadodara,1133.1428990193779
Bhopal,1137.9424820122688
Coimbatore,227.8260499346457
Ludhiana,1996.1122039029588
Agra,1572.8346249575716
Kalyan,839.1854785094495
Vishakhapatnam,810.9548839332284
Kochi,357.9010609762251
Nasik,876.3237163628668
Meerut,1774.9808967031217
Faridabad,1712.2554150071694
Varanasi,1482.4855308348613
Ghaziabad,1737.3095866240676
Asansol,1547.3743439618734
Jamshedpur,1419.791562532515
Madura,342.87346502262903
Jabalpur,1157.5477002072191
Rajkot,1257.6455710926296
Dhanbad,1519.8797413263792
Amritsar,2085.7927577887267
Warangal,598.304745779585
Allahabad,1453.1240661512536
Srinagar,2356.7897722478165
Bezwada,513.3415932550719
Aurangabad,802.8332826868907
Bhilai,1001.2725628764812
Solapur,549.7921958151204
Ranchi,1413.6339183181376
New Delhi,1730.946711984087
Jodhpur,1549.3889021313473
Guwahati,2083.4041797206687
Chandigarh,1967.1731941510047
Gwalior,1469.3562455287613
Thiruvananthapuram,498.9209758734457
Calicut,272.30894659331665
Trichinopoly,268.78891959489505
Hubli,372.8463976790707
Mysore,122.02828320754827
Raipur,1012.1009574698202
Salem,158.84347515340576
Jalandhar,2043.9244459926356
Bhubaneshwar,1195.5763392998588
Kota,1363.6776833147962
Jhansi,1385.7980844881758
Bareilly,1713.2323684652736
Aligarh,1652.9267156546377
Bhiwandi,850.0796800027497
Jammu,2203.7921744421838
Moradabad,1761.708214910252
Mangalore,294.1705663428286
Kolhapur,547.2761162567763
Amravati,883.4317409947836
Dehra Dun,1921.9014146562545
Malegaon,900.0753753997725
Nellore,309.08245755900384
Gorakhpur,1642.091033231423
Shimoga,241.22924653354406
Tiruppur,210.52733392131896
Raurkela,1282.241477512049
Nanded,686.6571289711114
Belgaum,459.45750762843977
Sangli,537.0270571360767
Chanda,796.5892157355705
Ajmer,1523.1768722735003
Cuttack,1215.107164802214
Bikaner,1724.3511095944828
Bhavnagar,1132.4757110032847
Hisar,1803.730826456898
Bilaspur,1121.0850589350764
Tinnevelly,469.1748226298116
Guntur,484.86938903517915
Shiliguri,1900.1447902833677
Ujjain,1146.5899042435808
Davangere,242.91041149671037
Akola,858.5769743479641
Saharanpur,1882.396218760963
Gulbarga,491.12800905130985
Bhatpara,1593.6653642734368
Dhulia,926.4720424164022
Udaipur,1348.9117434472323
Bellary,251.05264458272197
Tuticorin,463.2581256312547
Kurnool,320.4722910182374
Gaya,1525.2172587682815
Sikar,1640.318285746224
Tumkur,63.82409846232921
Quilon,462.97678086864454
Ahmadnagar,742.9879416182055
Bhilwara,1404.4128747684558
Nizamabad,633.4372216808456
Parbhani,702.4334705127011
Shillong,2048.8727518782475
Latur,610.198743967284
Rajapalaiyam,392.650303468997
Bhagalpur,1679.0139892349832
Muzaffarnagar,1828.6878838833723
Muzaffarpur,1669.9053671937172
Mathura,1608.682886910942
Patiala,1925.0425626527526
Saugor,1210.8468446374327
Brahmapur,1045.2762914205011
Shahjanpur,1668.6944712554355
Rohtak,1766.709760417811
Sambalpur,1161.3497850100555
Ratlam,1179.614572002276
Firozabad,1572.269315418422
Rajahmundry,639.2963821684846
Barddhaman,1574.7397652775364
Bidar,548.0755811545966
Rampur,1760.9658890275928
Kakinada,669.8225907098788
Panipat,1820.2784691149263
Khammam,552.7580278103771
Bhuj,1401.8191621852895
Karimnagar,629.8335321533804
Tirupati,215.1258387130416
Hospet,285.85367754943735
Mandya,82.36264339028021
Alwar,1616.7318454494002
Aizawl,1992.3696549177525
Bijapur,471.73339204259685
Imphal,2163.4676218037653
Etawah,1536.9923102979405
Raichur,359.21375251614614
Pathankot,2145.667862921167
Chirala,438.31830953877835
Sonipat,1775.7570216224287
Mirzapur,1446.7619754842588
Hapur,1746.597124335953
Porbandar,1276.2248527898137
Bharatpur,1580.9964549528386
Puducherry,272.0520599944837
Karnal,1851.2955868191589
Nagercoil,529.9794956380712
Tanjore,298.68550973465057
Pali,1486.7819580799332
Agartala,1881.1152412061144
Ongole,392.84120042614586
Puri,1169.2265710793502
Dindigul,290.49357951718275
Haldia,1497.9674611972725
Bulandshahr,1709.793260544294
Purnea,1758.443116899621
Proddatur,225.2116128378692
Gurgaon,1714.8350774742462
Burhanpur,934.3898277374516
Ghandinagar,1255.9863402754781
Machilipatnam,529.0179515734123
Bhiwani,1760.104823350089
Nandyal,299.1345073975012
Bhusaval,909.7082416024946
Bahraigh,1677.405453584997
Tonk,1470.8188614748046
Sirsa,1847.803438582201
Vizianagaram,854.6750255572697
Vellore,172.61548393011194
Alleppey,405.19131381618996
Shimla,2008.0750827791944
Medinipur,1451.0684527880612
Hindupur,89.97762304073674
Baramula,2373.8081112897385
Fatehpur,1468.9110477433892
Dibrugarh,2416.0383866780403
Sitalpur,1656.6351523835897
Navsari,1002.225352270212
Budaun,1674.9330799490904
Cuddalore,277.2752252306233
Haripur,2060.5988359040434
Conjeeveram,234.54513024928858
Fyzabad,1599.6766749904766
Silchar,2067.1924676326803
Ambala,1922.7045124947163
Krishnanagar,1633.8483400287926
Kolar,64.77538040748956
Kumbakonam,297.6433690471301
Tiruvannamalai,184.81875704583473
Pilibhit,1750.5777703463684
Abohar,1928.7138563863357
Port Blair,1656.7617580116187
Alipur Duar,1952.2790445144285
Hathras,1620.5256874249026
Valparai,300.0743954370652
Kohima,2232.409502063338
Gangtok,1963.2851210295748
Panaji,490.8433569418323
Itanagar,2290.6515767753685
Daman,964.9381704577639
Silvassa,941.6127347193467
Dispur,2081.969806201615
Kavaratti,598.9994058675543
Aurangabad,1490.0204694500615
Karur,230.56749618243623
Jorhat,2312.574457426164
Sopur,2383.1549913476606
Tezpur,2195.3147320397893
Diu,1106.6932430903707
